name,code,smiles,role,molfile,formula,description,molecular weight
HCl,AAC,"null
  Ketcher  5252517382D 1   1.00000     0.00000     0

  1  0  0  0  0  0  0  0  0  0999 V2000
    5.0799   -4.0250    0.0000 Cl  0  0  0  0  0  0  0  0  0  0  0  0
M  END
",salt,,HCl,Hydrochloric acid,35.97667694091797
Hydrogen Sulfate,H2SO4,OS(O)(=O)=O,salt,,H2SO4,Hydrogen sulfate,0
Methanesulfonic acid,CH₄O₃S,"null
  Ketcher  5252517402D 1   1.00000     0.00000     0

  5  4  0  0  0  0  0  0  0  0999 V2000
    4.4952   -4.8535    0.0000 C   0  0  0  0  0  0  0  0  0  0  0  0
    4.9952   -3.9875    0.0000 S   0  0  0  0  0  0  0  0  0  0  0  0
    5.8612   -4.4875    0.0000 O   0  0  0  0  0  0  0  0  0  0  0  0
    4.1292   -3.4875    0.0000 O   0  0  0  0  0  0  0  0  0  0  0  0
    5.4952   -3.1215    0.0000 O   0  0  0  0  0  0  0  0  0  0  0  0
  1  2  1  0     0  0
  2  3  2  0     0  0
  2  4  2  0     0  0
  2  5  1  0     0  0
M  END
",salt,,,,95.98811340332031
Maleic acid,,C(=CC(=O)O)C(=O)O,salt,,,,0
Citric acid,,"null
  Ketcher  5252517422D 1   1.00000     0.00000     0

 13 12  0  0  0  0  0  0  0  0999 V2000
    4.4500   -3.1590    0.0000 C   0  0  0  0  0  0  0  0  0  0  0  0
    3.4500   -3.1590    0.0000 C   0  0  0  0  0  0  0  0  0  0  0  0
    2.9500   -4.0250    0.0000 O   0  0  0  0  0  0  0  0  0  0  0  0
    2.9500   -2.2929    0.0000 O   0  0  0  0  0  0  0  0  0  0  0  0
    4.9500   -4.0250    0.0000 C   0  0  0  0  0  0  0  0  0  0  0  0
    5.4500   -3.1590    0.0000 C   0  0  0  0  0  0  0  0  0  0  0  0
    6.4500   -3.1590    0.0000 C   0  0  0  0  0  0  0  0  0  0  0  0
    6.9500   -4.0250    0.0000 O   0  0  0  0  0  0  0  0  0  0  0  0
    6.9500   -2.2929    0.0000 O   0  0  0  0  0  0  0  0  0  0  0  0
    4.4500   -4.8910    0.0000 C   0  0  0  0  0  0  0  0  0  0  0  0
    3.4500   -4.8910    0.0000 O   0  0  0  0  0  0  0  0  0  0  0  0
    4.9500   -5.7571    0.0000 O   0  0  0  0  0  0  0  0  0  0  0  0
    5.9500   -4.0250    0.0000 O   0  0  0  0  0  0  0  0  0  0  0  0
  1  2  1  0     0  0
  2  3  2  0     0  0
  2  4  1  0     0  0
  1  5  1  0     0  0
  5  6  1  0     0  0
  6  7  1  0     0  0
  7  8  2  0     0  0
  7  9  1  0     0  0
  5 10  1  0     0  0
 10 11  2  0     0  0
 10 12  1  0     0  0
  5 13  1  0     0  0
M  END
",salt,,,,192.02700805664062
Acetic acid,,CC(=O)O,salt,,,,0
Phosphoric acid,,OP(=O)(O)O,salt,,,,0
P-toluenesolfonic acid,,CC1=CC=C(C=C1)S(=O)(=O)O,salt,,,,0
Fumaric acid,,C(=CC(=O)O)C(=O)O,salt,,,,0
L-Lactatic acid,,C[C@@H](C(=O)O)O,salt,,,,0
Na,,"null
  Ketcher  5252517472D 1   1.00000     0.00000     0

  2  1  0  0  0  0  0  0  0  0999 V2000
    4.1919   -4.0250    0.0000 Na  0  0  0  0  0  0  0  0  0  0  0  0
    5.1919   -4.0250    0.0000 A   0  0  0  2  0  0  0  0  0  0  0  0
  1  2  1  0     0  0
M  END
",salt,,,,22.98976707458496
Potassium,,"null
  Ketcher  5252517482D 1   1.00000     0.00000     0

  0  0  0  0  0  0  0  0  0  0999 V2000
M  END
",salt,,,,0
Calcium,,,salt,,,,
Magnesium,,,salt,,,,
Tromethamine (Tris),,C(C(CO)(CO)N)O,salt,,,,0
Lysine,,,salt,,,,
Arginine,,,salt,,,,
Choline,,,salt,,,,
N-methylglucamine,,"null
  Ketcher  5252517552D 1   1.00000     0.00000     0

  7  6  0  0  0  0  0  0  0  0999 V2000
    4.1823   -4.7375    0.0000 C   0  0  0  0  0  0  0  0  0  0  0  0
    4.1823   -3.7375    0.0000 N   0  0  0  0  0  0  0  0  0  0  0  0
    3.3163   -3.2375    0.0000 C   0  0  0  0  0  0  0  0  0  0  0  0
    3.3163   -4.2375    0.0000 C   0  0  0  0  0  0  0  0  0  0  0  0
    5.0483   -3.2375    0.0000 C   0  0  0  0  0  0  0  0  0  0  0  0
    5.9144   -3.7375    0.0000 C   0  0  0  0  0  0  0  0  0  0  0  0
    6.7804   -3.2375    0.0000 O   0  0  0  0  0  0  0  0  0  0  0  0
  1  2  1  0     0  0
  2  3  1  0     0  0
  2  4  1  0     0  0
  2  5  1  0     0  0
  5  6  1  0     0  0
  6  7  1  0     0  0
M  CHG  1   2   1
M  END
",salt,,,,104.10753631591797
Diethanolamine,,C(CO)NCCO,salt,,,,0
Hydrate,,"null
  Ketcher  5252517482D 1   1.00000     0.00000     0

  1  0  0  0  0  0  0  0  0  0999 V2000
    5.1828   -3.9875    0.0000 O   0  0  0  0  0  0  0  0  0  0  0  0
M  END
",solvate,,,,18.01056480407715
Ethanol,,"null
  Ketcher  5252517482D 1   1.00000     0.00000     0

  3  2  0  0  0  0  0  0  0  0999 V2000
    4.1823   -3.8687    0.0000 C   0  0  0  0  0  0  0  0  0  0  0  0
    5.0483   -4.3688    0.0000 C   0  0  0  0  0  0  0  0  0  0  0  0
    5.9144   -3.8688    0.0000 O   0  0  0  0  0  0  0  0  0  0  0  0
  1  2  1  0     0  0
  2  3  1  0     0  0
M  END
",solvate,,,,46.041866302490234
Methanol,,"null
  Ketcher  5252517482D 1   1.00000     0.00000     0

  2  1  0  0  0  0  0  0  0  0999 V2000
    4.5483   -3.9875    0.0000 C   0  0  0  0  0  0  0  0  0  0  0  0
    5.5483   -3.9875    0.0000 O   0  0  0  0  0  0  0  0  0  0  0  0
  1  2  1  0     0  0
M  END
",solvate,,,,32.026214599609375
Isopropanol,,C(CO)NCCO,solvate,,,,0
Acetonitrile,,CC#N,solvate,,,,0
Ethyl acetate,,CCOC(=O)C,solvate,,,,0
THF,,C1CCOC1,solvate,,,Tetrahydrofuran,0
DMSO,,CS(=O)C,solvate,,,Dimethyl sulfoxide,0
DMF,,CN(C)C=O,solvate,,,"N,N-Dimethylformamide",0
Acetone,,CC(=O)C,solvate,,,,0